001688ade15f9d57312c273e79904eb6ec26b285.png, QJYov
0dbbf89c72add0d3b0f1534c05412adb6fe90d88.png, QJYWY
109b604069db0c9b5a9c14b1b7401426568a00c4.png, QJYWY
14ef58a41a48d160a48f54f24790acc532bd2677.png, QxY7Y
179d5503e48239b4dc17b6d0771127baa2cb5227.png, QJYWv
1bf09dd8aa0207e47a09c288656be4f2a63eee45.png, QxY7Y
1c2f0a49e03e844c26e98a61de50382165a5aa00.png, QJYWY
1f2e8c6b82423db9df33d2c80a63b3812b6df653.png, cqqDY
27bc365eed19271ba755b38e7d2cd8311ba54be5.png, QJYWY
28b58dcc6a9cff2307f0bb4d966f7d3175ef7beb.png, cqq7Y
2e46407d1de0bb773deb51130af5793eccfdb2d0.png, QxYWY
2fbd8bb4842e616967ad4f735bc57fe0b866d2cd.png, QJYWY
3198b3aca7afee7c7edade4261c95eab50df2ac2.png, QJYWY
33b3bed73285fe75cfb70af618789e7f593b7530.png, QJYWv
367dd76b522c56837206ffe9d8419932b4c9f85e.png, QJYWY
36b4eac4f791fcc802a79e0dddd3e071569c81cf.png, QJYWY
39b5fde4f6ced28eddf5f0a2733bc3b1f4edf393.png, QxY7Y
4039f8de396dfd6ffcf89a9ae3bf9a8aa9413ac9.png, QJYWv
4c63be6415403ea6754127ccf62e649ba72ce497.png, QJYoY
52220dad99a9605012c4faa155ee296c72da6c30.png, QJYWY
5645d62dacaeabaa651ac172cd7388ed914fa3c9.png, QJYoY
58d29c73c7308d3bbc0ee6d82cbe098d98ffca2a.png, QJYoY
6e442c87f51c63178dbcf8a80b7d158f9bf32c72.png, QJYoY
71d858f90ccb07f230a187d75e3120fb0e88760f.png, QJYWY
769f9feb5f53fe22bb1cbaf9dfd2dc1af70c20f1.png, QJYWY
7d343595166955c3a33e716c0a18a3b38bc7b9fc.png, QJY7Y
860607cc4052b3d6d27d49ffaa7b749ca07064a4.png, cqqDY
8a24e2eb7d3e64b38e89a86257b2f0cfd9be35ca.png, QJYWv
960f72f2bea6d4a1881dd45e13446ea20da4d2a3.png, QJYWv
97b917a5ce21911e717922664fb13e5fce754efc.png, QJYov
9d528a44f9cfe83445d15e3fb92e3f965d6e0586.png, ccq7Y
a338ca2b6bcf9354e76768f790cb251413163e52.png, QJYWY
a9820ce8a4eb05b865caa4b6f47fa5cfa74e1d9d.png, QJYWv
b17efccd895a60a10c4769f209cf2d5cdc28186d.png, QxY7Y
b4b2bb6da9a0da17527c26055e01908d22f72dd3.png, QJYuY
bfb838873745925840c2eaee6dc8b4907fecc445.png, QJYWY
c266c98704d5bab4b2331e251bc280ec43a9e8e7.png, QJYWY
c5d764de42386ab40eaed4abe7e2766b181cc8a9.png, QJYov
c877f612f0fb2690af3949dd9c8474c66a35b75a.png, coq7Y
c8d9cf287251b21c71ecd177b3b53f3cc4dab120.png, QJYoY
d2889b2dc77c6e4e69989a6b01f8db60fb628870.png, QxY7Y
d35632bfe66da8f8895076df6b9a14c59d5f038a.png, QJYWv
d3ce937f2c0d8756cdec301bdcbb997d174cc00d.png, coq7Y
d9e7b132dfc701e403740f4271caab1474f16a6a.png, QJYWY
e7866190e3e48675e63265c4d6937b4ddf6b1306.png, QJYWY
f389b5ec703fe0f9a5409c66c861a4580b51bd12.png, QJYWY
f43cf9a677d0529e7e1a940738e201adecd19aff.png, QJYWY
fb95771123b5332af4e730bb98b5310229f2243f.png, cqq7Y
fd1d9f17ddf266d75ec3b284501cb7ad8ceb0703.png, QJYWv
fe5379d27754855639204d0e6db0b3d7c6640768.png, QJYWv
